"","Home","Away","Bet","Outcome","Line","Odds","Matchup"
"1","PHI Phillies","HOU Astros","Rhys Hoskins Doubles","Over","0.5","+475","PHI Phillies - HOU Astros"
"2","PHI Phillies","HOU Astros","Rhys Hoskins Doubles","Under","0.5","-800","PHI Phillies - HOU Astros"
"3","PHI Phillies","HOU Astros","J.T. Realmuto Singles","Over","0.5","+100","PHI Phillies - HOU Astros"
"4","PHI Phillies","HOU Astros","J.T. Realmuto Singles","Under","0.5","-135","PHI Phillies - HOU Astros"
"5","PHI Phillies","HOU Astros","Kyle Schwarber or Alec Bohm to record a Double","Yes",NA,"+240","PHI Phillies - HOU Astros"
"6","PHI Phillies","HOU Astros","Kyle Schwarber or Alec Bohm to record a Double","No",NA,"-310","PHI Phillies - HOU Astros"
"7","PHI Phillies","HOU Astros","Nick Castellanos Hits","Over","0.5","-165","PHI Phillies - HOU Astros"
"8","PHI Phillies","HOU Astros","Nick Castellanos Hits","Under","0.5","+120","PHI Phillies - HOU Astros"
"9","PHI Phillies","HOU Astros","Rhys Hoskins Home Runs","Over","0.5","+425","PHI Phillies - HOU Astros"
"10","PHI Phillies","HOU Astros","Rhys Hoskins Home Runs","Under","0.5","-750","PHI Phillies - HOU Astros"
"11","PHI Phillies","HOU Astros","Chas McCormick Stolen Bases","Over","0.5","+750","PHI Phillies - HOU Astros"
"12","PHI Phillies","HOU Astros","Chas McCormick Stolen Bases","Under","0.5","-1800","PHI Phillies - HOU Astros"
"13","PHI Phillies","HOU Astros","Alec Bohm Strikeouts","Over","0.5","-160","PHI Phillies - HOU Astros"
"14","PHI Phillies","HOU Astros","Alec Bohm Strikeouts","Under","0.5","+120","PHI Phillies - HOU Astros"
"15","PHI Phillies","HOU Astros","Alex Bregman Hits","Over","0.5","-210","PHI Phillies - HOU Astros"
"16","PHI Phillies","HOU Astros","Alex Bregman Hits","Under","0.5","+155","PHI Phillies - HOU Astros"
"17","PHI Phillies","HOU Astros","Jeremy Pena Home Runs","Over","0.5","+750","PHI Phillies - HOU Astros"
"18","PHI Phillies","HOU Astros","Jeremy Pena Home Runs","Under","0.5","-2000","PHI Phillies - HOU Astros"
"19","PHI Phillies","HOU Astros","Bryson Stott Total Bases","Over","0.5","-130","PHI Phillies - HOU Astros"
"20","PHI Phillies","HOU Astros","Bryson Stott Total Bases","Under","0.5","-105","PHI Phillies - HOU Astros"
"21","PHI Phillies","HOU Astros","Top of 1st – Total Strikeouts","0",NA,"+120","PHI Phillies - HOU Astros"
"22","PHI Phillies","HOU Astros","Top of 1st – Total Strikeouts","1",NA,"+140","PHI Phillies - HOU Astros"
"23","PHI Phillies","HOU Astros","Top of 1st – Total Strikeouts","2",NA,"+600","PHI Phillies - HOU Astros"
"24","PHI Phillies","HOU Astros","Top of 1st – Total Strikeouts","3+",NA,"+2200","PHI Phillies - HOU Astros"
"25","PHI Phillies","HOU Astros","Race to 3 Runs","HOU Astros",NA,"-155","PHI Phillies - HOU Astros"
"26","PHI Phillies","HOU Astros","Race to 3 Runs","Neither",NA,"+750","PHI Phillies - HOU Astros"
"27","PHI Phillies","HOU Astros","Race to 3 Runs","PHI Phillies",NA,"+165","PHI Phillies - HOU Astros"
"28","PHI Phillies","HOU Astros","Alec Bohm Singles","Over","0.5","-125","PHI Phillies - HOU Astros"
"29","PHI Phillies","HOU Astros","Alec Bohm Singles","Under","0.5","-105","PHI Phillies - HOU Astros"
"30","PHI Phillies","HOU Astros","Bryson Stott Stolen Bases","Over","0.5","+900","PHI Phillies - HOU Astros"
"31","PHI Phillies","HOU Astros","Bryson Stott Stolen Bases","Under","0.5","-3000","PHI Phillies - HOU Astros"
"32","PHI Phillies","HOU Astros","Martin Maldonado Total Bases","Over","0.5","+135","PHI Phillies - HOU Astros"
"33","PHI Phillies","HOU Astros","Martin Maldonado Total Bases","Under","0.5","-180","PHI Phillies - HOU Astros"
"34","PHI Phillies","HOU Astros","Race to 4 Runs","HOU Astros",NA,"-115","PHI Phillies - HOU Astros"
"35","PHI Phillies","HOU Astros","Race to 4 Runs","Neither",NA,"+320","PHI Phillies - HOU Astros"
"36","PHI Phillies","HOU Astros","Race to 4 Runs","PHI Phillies",NA,"+225","PHI Phillies - HOU Astros"
"37","PHI Phillies","HOU Astros","Yordan Alvarez Runs","Over","0.5","+105","PHI Phillies - HOU Astros"
"38","PHI Phillies","HOU Astros","Yordan Alvarez Runs","Under","0.5","-135","PHI Phillies - HOU Astros"
"39","PHI Phillies","HOU Astros","Nick Castellanos Stolen Bases","Over","0.5","+1100","PHI Phillies - HOU Astros"
"40","PHI Phillies","HOU Astros","Nick Castellanos Stolen Bases","Under","0.5","-10000","PHI Phillies - HOU Astros"
"41","PHI Phillies","HOU Astros","Chas McCormick Walks","Over","0.5","+205","PHI Phillies - HOU Astros"
"42","PHI Phillies","HOU Astros","Chas McCormick Walks","Under","0.5","-285","PHI Phillies - HOU Astros"
"43","PHI Phillies","HOU Astros","Yuli Gurriel Hits","Over","0.5","-225","PHI Phillies - HOU Astros"
"44","PHI Phillies","HOU Astros","Yuli Gurriel Hits","Under","0.5","+165","PHI Phillies - HOU Astros"
"45","PHI Phillies","HOU Astros","Yordan Alvarez Hits + Runs + RBIs","Over","1.5","-120","PHI Phillies - HOU Astros"
"46","PHI Phillies","HOU Astros","Yordan Alvarez Hits + Runs + RBIs","Under","1.5","-110","PHI Phillies - HOU Astros"
"47","PHI Phillies","HOU Astros","Brandon Marsh Singles","Over","0.5","+190","PHI Phillies - HOU Astros"
"48","PHI Phillies","HOU Astros","Brandon Marsh Singles","Under","0.5","-260","PHI Phillies - HOU Astros"
"49","PHI Phillies","HOU Astros","Top of 1st – Will There Be An Extra Base Hit?","Yes",NA,"+200","PHI Phillies - HOU Astros"
"50","PHI Phillies","HOU Astros","Top of 1st – Will There Be An Extra Base Hit?","No",NA,"-280","PHI Phillies - HOU Astros"
"51","PHI Phillies","HOU Astros","Alec Bohm Hits","Over","0.5","-200","PHI Phillies - HOU Astros"
"52","PHI Phillies","HOU Astros","Alec Bohm Hits","Under","0.5","+145","PHI Phillies - HOU Astros"
"53","PHI Phillies","HOU Astros","Chas McCormick Hits","Over","0.5","-130","PHI Phillies - HOU Astros"
"54","PHI Phillies","HOU Astros","Chas McCormick Hits","Under","0.5","-105","PHI Phillies - HOU Astros"
"55","PHI Phillies","HOU Astros","Kyle Schwarber to hit 1st Home Run?","Yes",NA,"+700","PHI Phillies - HOU Astros"
"56","PHI Phillies","HOU Astros","Kyle Schwarber to hit 1st Home Run?","No",NA,"-1200","PHI Phillies - HOU Astros"
"57","PHI Phillies","HOU Astros","Chas McCormick RBIs","Over","0.5","+300","PHI Phillies - HOU Astros"
"58","PHI Phillies","HOU Astros","Chas McCormick RBIs","Under","0.5","-450","PHI Phillies - HOU Astros"
"59","PHI Phillies","HOU Astros","PHI Phillies to Score - 1st Inning","Yes",NA,"+265","PHI Phillies - HOU Astros"
"60","PHI Phillies","HOU Astros","PHI Phillies to Score - 1st Inning","No",NA,"-380","PHI Phillies - HOU Astros"
"61","PHI Phillies","HOU Astros","Jeremy Pena Runs","Over","0.5","+125","PHI Phillies - HOU Astros"
"62","PHI Phillies","HOU Astros","Jeremy Pena Runs","Under","0.5","-165","PHI Phillies - HOU Astros"
"63","PHI Phillies","HOU Astros","Nick Castellanos RBIs","Over","0.5","+255","PHI Phillies - HOU Astros"
"64","PHI Phillies","HOU Astros","Nick Castellanos RBIs","Under","0.5","-370","PHI Phillies - HOU Astros"
"65","PHI Phillies","HOU Astros","Bottom of 1st – Will There Be A Home Run?","Yes",NA,"+370","PHI Phillies - HOU Astros"
"66","PHI Phillies","HOU Astros","Bottom of 1st – Will There Be A Home Run?","No",NA,"-600","PHI Phillies - HOU Astros"
"67","PHI Phillies","HOU Astros","Bryson Stott Hits","Over","0.5","-130","PHI Phillies - HOU Astros"
"68","PHI Phillies","HOU Astros","Bryson Stott Hits","Under","0.5","-105","PHI Phillies - HOU Astros"
"69","PHI Phillies","HOU Astros","Alex Bregman Hits + Runs + RBIs","Over","1.5","-110","PHI Phillies - HOU Astros"
"70","PHI Phillies","HOU Astros","Alex Bregman Hits + Runs + RBIs","Under","1.5","-125","PHI Phillies - HOU Astros"
"71","PHI Phillies","HOU Astros","Kyle Tucker Singles","Over","0.5","+105","PHI Phillies - HOU Astros"
"72","PHI Phillies","HOU Astros","Kyle Tucker Singles","Under","0.5","-140","PHI Phillies - HOU Astros"
"73","PHI Phillies","HOU Astros","Rhys Hoskins Singles","Over","0.5","+135","PHI Phillies - HOU Astros"
"74","PHI Phillies","HOU Astros","Rhys Hoskins Singles","Under","0.5","-185","PHI Phillies - HOU Astros"
"75","PHI Phillies","HOU Astros","Rhys Hoskins RBIs","Over","0.5","+230","PHI Phillies - HOU Astros"
"76","PHI Phillies","HOU Astros","Rhys Hoskins RBIs","Under","0.5","-320","PHI Phillies - HOU Astros"
"77","PHI Phillies","HOU Astros","Brandon Marsh Walks","Over","0.5","+320","PHI Phillies - HOU Astros"
"78","PHI Phillies","HOU Astros","Brandon Marsh Walks","Under","0.5","-500","PHI Phillies - HOU Astros"
"79","PHI Phillies","HOU Astros","Martin Maldonado Doubles","Over","0.5","+750","PHI Phillies - HOU Astros"
"80","PHI Phillies","HOU Astros","Martin Maldonado Doubles","Under","0.5","-2000","PHI Phillies - HOU Astros"
"81","PHI Phillies","HOU Astros","Jean Segura Strikeouts","Over","0.5","-110","PHI Phillies - HOU Astros"
"82","PHI Phillies","HOU Astros","Jean Segura Strikeouts","Under","0.5","-120","PHI Phillies - HOU Astros"
"83","PHI Phillies","HOU Astros","Bryce Harper Strikeouts","Over","0.5","-255","PHI Phillies - HOU Astros"
"84","PHI Phillies","HOU Astros","Bryce Harper Strikeouts","Under","0.5","+185","PHI Phillies - HOU Astros"
"85","PHI Phillies","HOU Astros","Race to 5 Runs","HOU Astros",NA,"+120","PHI Phillies - HOU Astros"
"86","PHI Phillies","HOU Astros","Race to 5 Runs","Neither",NA,"+150","PHI Phillies - HOU Astros"
"87","PHI Phillies","HOU Astros","Race to 5 Runs","PHI Phillies",NA,"+310","PHI Phillies - HOU Astros"
"88","PHI Phillies","HOU Astros","Martin Maldonado Runs","Over","0.5","+330","PHI Phillies - HOU Astros"
"89","PHI Phillies","HOU Astros","Martin Maldonado Runs","Under","0.5","-500","PHI Phillies - HOU Astros"
"90","PHI Phillies","HOU Astros","Yuli Gurriel to hit 1st Home Run?","Yes",NA,"+2200","PHI Phillies - HOU Astros"
"91","PHI Phillies","HOU Astros","J.T. Realmuto Hits + Runs + RBIs","Over","1.5","+115","PHI Phillies - HOU Astros"
"92","PHI Phillies","HOU Astros","J.T. Realmuto Hits + Runs + RBIs","Under","1.5","-150","PHI Phillies - HOU Astros"
"93","PHI Phillies","HOU Astros","Bryce Harper Doubles","Over","0.5","+380","PHI Phillies - HOU Astros"
"94","PHI Phillies","HOU Astros","Bryce Harper Doubles","Under","0.5","-600","PHI Phillies - HOU Astros"
"95","PHI Phillies","HOU Astros","Jose Altuve Strikeouts","Over","0.5","-170","PHI Phillies - HOU Astros"
"96","PHI Phillies","HOU Astros","Jose Altuve Strikeouts","Under","0.5","+125","PHI Phillies - HOU Astros"
"97","PHI Phillies","HOU Astros","Race to 6 Runs","HOU Astros",NA,"+190","PHI Phillies - HOU Astros"
"98","PHI Phillies","HOU Astros","Race to 6 Runs","Neither",NA,"-135","PHI Phillies - HOU Astros"
"99","PHI Phillies","HOU Astros","Race to 6 Runs","PHI Phillies",NA,"+475","PHI Phillies - HOU Astros"
"100","PHI Phillies","HOU Astros","Brandon Marsh Total Bases","Over","0.5","+105","PHI Phillies - HOU Astros"
"101","PHI Phillies","HOU Astros","Brandon Marsh Total Bases","Under","0.5","-140","PHI Phillies - HOU Astros"
"102","PHI Phillies","HOU Astros","Jeremy Pena Total Bases","Over","1.5","+155","PHI Phillies - HOU Astros"
"103","PHI Phillies","HOU Astros","Jeremy Pena Total Bases","Under","1.5","-210","PHI Phillies - HOU Astros"
"104","PHI Phillies","HOU Astros","Kyle Schwarber Total Bases","Over","0.5","-130","PHI Phillies - HOU Astros"
"105","PHI Phillies","HOU Astros","Kyle Schwarber Total Bases","Under","0.5","-105","PHI Phillies - HOU Astros"
"106","PHI Phillies","HOU Astros","Jean Segura Singles","Over","0.5","-110","PHI Phillies - HOU Astros"
"107","PHI Phillies","HOU Astros","Jean Segura Singles","Under","0.5","-120","PHI Phillies - HOU Astros"
"108","PHI Phillies","HOU Astros","Martin Maldonado RBIs","Over","0.5","+425","PHI Phillies - HOU Astros"
"109","PHI Phillies","HOU Astros","Martin Maldonado RBIs","Under","0.5","-700","PHI Phillies - HOU Astros"
"110","PHI Phillies","HOU Astros","Inning of Last Score","9th Inning",NA,"+160","PHI Phillies - HOU Astros"
"111","PHI Phillies","HOU Astros","Inning of Last Score","8th Inning",NA,"+275","PHI Phillies - HOU Astros"
"112","PHI Phillies","HOU Astros","Inning of Last Score","7th Inning",NA,"+500","PHI Phillies - HOU Astros"
"113","PHI Phillies","HOU Astros","Inning of Last Score","10th Inning or Later",NA,"+750","PHI Phillies - HOU Astros"
"114","PHI Phillies","HOU Astros","Inning of Last Score","6th Inning",NA,"+900","PHI Phillies - HOU Astros"
"115","PHI Phillies","HOU Astros","Inning of Last Score","5th Inning",NA,"+1800","PHI Phillies - HOU Astros"
"116","PHI Phillies","HOU Astros","Inning of Last Score","4th Inning",NA,"+2800","PHI Phillies - HOU Astros"
"117","PHI Phillies","HOU Astros","Inning of Last Score","3rd Inning",NA,"+4000","PHI Phillies - HOU Astros"
"118","PHI Phillies","HOU Astros","Inning of Last Score","2nd Inning",NA,"+6000","PHI Phillies - HOU Astros"
"119","PHI Phillies","HOU Astros","Inning of Last Score","1st Inning",NA,"+6500","PHI Phillies - HOU Astros"
"120","PHI Phillies","HOU Astros","Jeremy Pena Stolen Bases","Over","0.5","+400","PHI Phillies - HOU Astros"
"121","PHI Phillies","HOU Astros","Jeremy Pena Stolen Bases","Under","0.5","-700","PHI Phillies - HOU Astros"
"122","PHI Phillies","HOU Astros","J.T. Realmuto Runs","Over","0.5","+155","PHI Phillies - HOU Astros"
"123","PHI Phillies","HOU Astros","J.T. Realmuto Runs","Under","0.5","-210","PHI Phillies - HOU Astros"
"124","PHI Phillies","HOU Astros","Jeremy Pena Hits","Over","0.5","-220","PHI Phillies - HOU Astros"
"125","PHI Phillies","HOU Astros","Jeremy Pena Hits","Under","0.5","+160","PHI Phillies - HOU Astros"
"126","PHI Phillies","HOU Astros","Jean Segura Doubles","Over","0.5","+600","PHI Phillies - HOU Astros"
"127","PHI Phillies","HOU Astros","Jean Segura Doubles","Under","0.5","-1200","PHI Phillies - HOU Astros"
"128","PHI Phillies","HOU Astros","Bryce Harper Singles","Over","0.5","+125","PHI Phillies - HOU Astros"
"129","PHI Phillies","HOU Astros","Bryce Harper Singles","Under","0.5","-170","PHI Phillies - HOU Astros"
"130","PHI Phillies","HOU Astros","Nick Castellanos Hits + Runs + RBIs","Over","1.5","+125","PHI Phillies - HOU Astros"
"131","PHI Phillies","HOU Astros","Nick Castellanos Hits + Runs + RBIs","Under","1.5","-165","PHI Phillies - HOU Astros"
"132","PHI Phillies","HOU Astros","Jose Altuve Doubles","Over","0.5","+390","PHI Phillies - HOU Astros"
"133","PHI Phillies","HOU Astros","Jose Altuve Doubles","Under","0.5","-650","PHI Phillies - HOU Astros"
"134","PHI Phillies","HOU Astros","Kyle Schwarber Strikeouts","Over","1.5","+105","PHI Phillies - HOU Astros"
"135","PHI Phillies","HOU Astros","Kyle Schwarber Strikeouts","Under","1.5","-135","PHI Phillies - HOU Astros"
"136","PHI Phillies","HOU Astros","Jose Altuve Stolen Bases","Over","0.5","+450","PHI Phillies - HOU Astros"
"137","PHI Phillies","HOU Astros","Jose Altuve Stolen Bases","Under","0.5","-800","PHI Phillies - HOU Astros"
"138","PHI Phillies","HOU Astros","Yuli Gurriel Stolen Bases","Over","0.5","+800","PHI Phillies - HOU Astros"
"139","PHI Phillies","HOU Astros","Yuli Gurriel Stolen Bases","Under","0.5","-2500","PHI Phillies - HOU Astros"
"140","PHI Phillies","HOU Astros","Yordan Alvarez RBIs","Over","0.5","+155","PHI Phillies - HOU Astros"
"141","PHI Phillies","HOU Astros","Yordan Alvarez RBIs","Under","0.5","-210","PHI Phillies - HOU Astros"
"142","PHI Phillies","HOU Astros","Jose Altuve to hit 1st Home Run?","Yes",NA,"+1500","PHI Phillies - HOU Astros"
"143","PHI Phillies","HOU Astros","Jose Altuve to hit 1st Home Run?","No",NA,"-6000","PHI Phillies - HOU Astros"
"144","PHI Phillies","HOU Astros","Chas McCormick Total Bases","Over","0.5","-130","PHI Phillies - HOU Astros"
"145","PHI Phillies","HOU Astros","Chas McCormick Total Bases","Under","0.5","-105","PHI Phillies - HOU Astros"
"146","PHI Phillies","HOU Astros","Brandon Marsh RBIs","Over","0.5","+340","PHI Phillies - HOU Astros"
"147","PHI Phillies","HOU Astros","Brandon Marsh RBIs","Under","0.5","-525","PHI Phillies - HOU Astros"
"148","PHI Phillies","HOU Astros","Yordan Alvarez Walks","Over","0.5","+100","PHI Phillies - HOU Astros"
"149","PHI Phillies","HOU Astros","Yordan Alvarez Walks","Under","0.5","-130","PHI Phillies - HOU Astros"
"150","PHI Phillies","HOU Astros","PHI Phillies: Team Total Runs","Over","3.5","+115","PHI Phillies - HOU Astros"
"151","PHI Phillies","HOU Astros","PHI Phillies: Team Total Runs","Under","3.5","-145","PHI Phillies - HOU Astros"
"152","PHI Phillies","HOU Astros","Yuli Gurriel Runs","Over","0.5","+220","PHI Phillies - HOU Astros"
"153","PHI Phillies","HOU Astros","Yuli Gurriel Runs","Under","0.5","-310","PHI Phillies - HOU Astros"
"154","PHI Phillies","HOU Astros","1st Strikeout Thrown - Noah Syndergaard v Justin Verlander","Justin Verlander",NA,"+155","PHI Phillies - HOU Astros"
"155","PHI Phillies","HOU Astros","1st Strikeout Thrown - Noah Syndergaard v Justin Verlander","Noah Syndergaard",NA,"-200","PHI Phillies - HOU Astros"
"156","PHI Phillies","HOU Astros","Rhys Hoskins Hits","Over","0.5","-155","PHI Phillies - HOU Astros"
"157","PHI Phillies","HOU Astros","Rhys Hoskins Hits","Under","0.5","+115","PHI Phillies - HOU Astros"
"158","PHI Phillies","HOU Astros","Nick Castellanos Singles","Over","0.5","+110","PHI Phillies - HOU Astros"
"159","PHI Phillies","HOU Astros","Nick Castellanos Singles","Under","0.5","-145","PHI Phillies - HOU Astros"
"160","PHI Phillies","HOU Astros","Alex Bregman Singles","Over","0.5","+100","PHI Phillies - HOU Astros"
"161","PHI Phillies","HOU Astros","Alex Bregman Singles","Under","0.5","-130","PHI Phillies - HOU Astros"
"162","PHI Phillies","HOU Astros","Bryce Harper RBIs","Over","0.5","+185","PHI Phillies - HOU Astros"
"163","PHI Phillies","HOU Astros","Bryce Harper RBIs","Under","0.5","-260","PHI Phillies - HOU Astros"
"164","PHI Phillies","HOU Astros","Alex Bregman to hit 1st Home Run?","Yes",NA,"+1200","PHI Phillies - HOU Astros"
"165","PHI Phillies","HOU Astros","Alex Bregman to hit 1st Home Run?","No",NA,"-3500","PHI Phillies - HOU Astros"
"166","PHI Phillies","HOU Astros","Martin Maldonado to hit 1st Home Run?","Yes",NA,"+2200","PHI Phillies - HOU Astros"
"167","PHI Phillies","HOU Astros","Yuli Gurriel Walks","Over","0.5","+350","PHI Phillies - HOU Astros"
"168","PHI Phillies","HOU Astros","Yuli Gurriel Walks","Under","0.5","-550","PHI Phillies - HOU Astros"
"169","PHI Phillies","HOU Astros","Alec Bohm Hits + Runs + RBIs","Over","1.5","+120","PHI Phillies - HOU Astros"
"170","PHI Phillies","HOU Astros","Alec Bohm Hits + Runs + RBIs","Under","1.5","-160","PHI Phillies - HOU Astros"
"171","PHI Phillies","HOU Astros","Yordan Alvarez Singles","Over","0.5","+115","PHI Phillies - HOU Astros"
"172","PHI Phillies","HOU Astros","Yordan Alvarez Singles","Under","0.5","-155","PHI Phillies - HOU Astros"
"173","PHI Phillies","HOU Astros","Bryson Stott or Nick Castellanos to record a Double","Yes",NA,"+225","PHI Phillies - HOU Astros"
"174","PHI Phillies","HOU Astros","Bryson Stott or Nick Castellanos to record a Double","No",NA,"-295","PHI Phillies - HOU Astros"
"175","PHI Phillies","HOU Astros","J.T. Realmuto Total Bases","Over","0.5","-185","PHI Phillies - HOU Astros"
"176","PHI Phillies","HOU Astros","J.T. Realmuto Total Bases","Under","0.5","+140","PHI Phillies - HOU Astros"
"177","PHI Phillies","HOU Astros","1st Run","Jose Altuve",NA,"+450","PHI Phillies - HOU Astros"
"178","PHI Phillies","HOU Astros","1st Run","Kyle Schwarber",NA,"+550","PHI Phillies - HOU Astros"
"179","PHI Phillies","HOU Astros","1st Run","Jeremy Pena",NA,"+550","PHI Phillies - HOU Astros"
"180","PHI Phillies","HOU Astros","1st Run","Yordan Alvarez",NA,"+750","PHI Phillies - HOU Astros"
"181","PHI Phillies","HOU Astros","1st Run","Kyle Tucker",NA,"+850","PHI Phillies - HOU Astros"
"182","PHI Phillies","HOU Astros","1st Run","Rhys Hoskins",NA,"+850","PHI Phillies - HOU Astros"
"183","PHI Phillies","HOU Astros","1st Run","Alex Bregman",NA,"+1100","PHI Phillies - HOU Astros"
"184","PHI Phillies","HOU Astros","1st Run","J.T. Realmuto",NA,"+1200","PHI Phillies - HOU Astros"
"185","PHI Phillies","HOU Astros","1st Run","Bryce Harper",NA,"+1300","PHI Phillies - HOU Astros"
"186","PHI Phillies","HOU Astros","1st Run","Nick Castellanos",NA,"+1300","PHI Phillies - HOU Astros"
"187","PHI Phillies","HOU Astros","1st Run","Yuli Gurriel",NA,"+1400","PHI Phillies - HOU Astros"
"188","PHI Phillies","HOU Astros","1st Run","Alec Bohm",NA,"+1600","PHI Phillies - HOU Astros"
"189","PHI Phillies","HOU Astros","1st Run","Bryson Stott",NA,"+1700","PHI Phillies - HOU Astros"
"190","PHI Phillies","HOU Astros","1st Run","Martin Maldonado",NA,"+1700","PHI Phillies - HOU Astros"
"191","PHI Phillies","HOU Astros","1st Run","Jean Segura",NA,"+1800","PHI Phillies - HOU Astros"
"192","PHI Phillies","HOU Astros","Justin Verlander Hits Allowed","Over","4.5","+100","PHI Phillies - HOU Astros"
"193","PHI Phillies","HOU Astros","Justin Verlander Hits Allowed","Under","4.5","-135","PHI Phillies - HOU Astros"
"194","PHI Phillies","HOU Astros","Kyle Tucker Home Runs","Over","0.5","+475","PHI Phillies - HOU Astros"
"195","PHI Phillies","HOU Astros","Kyle Tucker Home Runs","Under","0.5","-900","PHI Phillies - HOU Astros"
"196","PHI Phillies","HOU Astros","Noah Syndergaard Walks Allowed","Over","0.5","-180","PHI Phillies - HOU Astros"
"197","PHI Phillies","HOU Astros","Noah Syndergaard Walks Allowed","Under","0.5","+135","PHI Phillies - HOU Astros"
"198","PHI Phillies","HOU Astros","Rhys Hoskins to hit 1st Home Run?","Yes",NA,"+950","PHI Phillies - HOU Astros"
"199","PHI Phillies","HOU Astros","Rhys Hoskins to hit 1st Home Run?","No",NA,"-2000","PHI Phillies - HOU Astros"
"200","PHI Phillies","HOU Astros","Kyle Schwarber RBIs","Over","0.5","+200","PHI Phillies - HOU Astros"
"201","PHI Phillies","HOU Astros","Kyle Schwarber RBIs","Under","0.5","-280","PHI Phillies - HOU Astros"
"202","PHI Phillies","HOU Astros","Alex Bregman Walks","Over","0.5","+145","PHI Phillies - HOU Astros"
"203","PHI Phillies","HOU Astros","Alex Bregman Walks","Under","0.5","-195","PHI Phillies - HOU Astros"
"204","PHI Phillies","HOU Astros","Bryce Harper Hits + Runs + RBIs","Over","1.5","+105","PHI Phillies - HOU Astros"
"205","PHI Phillies","HOU Astros","Bryce Harper Hits + Runs + RBIs","Under","1.5","-135","PHI Phillies - HOU Astros"
"206","PHI Phillies","HOU Astros","Kyle Schwarber Walks","Over","0.5","+110","PHI Phillies - HOU Astros"
"207","PHI Phillies","HOU Astros","Kyle Schwarber Walks","Under","0.5","-145","PHI Phillies - HOU Astros"
"208","PHI Phillies","HOU Astros","Jose Altuve Runs","Over","0.5","+140","PHI Phillies - HOU Astros"
"209","PHI Phillies","HOU Astros","Jose Altuve Runs","Under","0.5","-190","PHI Phillies - HOU Astros"
"210","PHI Phillies","HOU Astros","Justin Verlander Earned Runs Allowed","Over","1.5","-155","PHI Phillies - HOU Astros"
"211","PHI Phillies","HOU Astros","Justin Verlander Earned Runs Allowed","Under","1.5","+120","PHI Phillies - HOU Astros"
"212","PHI Phillies","HOU Astros","Bottom of 1st - Will The Bases Be Loaded?","Yes",NA,"+1000","PHI Phillies - HOU Astros"
"213","PHI Phillies","HOU Astros","Bottom of 1st - Will The Bases Be Loaded?","No",NA,"-5000","PHI Phillies - HOU Astros"
"214","PHI Phillies","HOU Astros","Chas McCormick Hits + Runs + RBIs","Over","0.5","-170","PHI Phillies - HOU Astros"
"215","PHI Phillies","HOU Astros","Chas McCormick Hits + Runs + RBIs","Under","0.5","+125","PHI Phillies - HOU Astros"
"216","PHI Phillies","HOU Astros","Brandon Marsh Hits + Runs + RBIs","Over","0.5","-120","PHI Phillies - HOU Astros"
"217","PHI Phillies","HOU Astros","Brandon Marsh Hits + Runs + RBIs","Under","0.5","-110","PHI Phillies - HOU Astros"
"218","PHI Phillies","HOU Astros","Nick Castellanos to hit 1st Home Run?","Yes",NA,"+1700","PHI Phillies - HOU Astros"
"219","PHI Phillies","HOU Astros","Nick Castellanos to hit 1st Home Run?","No",NA,"-10000","PHI Phillies - HOU Astros"
"220","PHI Phillies","HOU Astros","HOU Astros to hit the Team Cycle (1+ Single, 1+ Double, 1+ Triple, 1+ Home Run)","Yes",NA,"+1000","PHI Phillies - HOU Astros"
"221","PHI Phillies","HOU Astros","HOU Astros to hit the Team Cycle (1+ Single, 1+ Double, 1+ Triple, 1+ Home Run)","No",NA,"-2500","PHI Phillies - HOU Astros"
"222","PHI Phillies","HOU Astros","Nick Castellanos Total Bases","Over","0.5","-165","PHI Phillies - HOU Astros"
"223","PHI Phillies","HOU Astros","Nick Castellanos Total Bases","Under","0.5","+120","PHI Phillies - HOU Astros"
"224","PHI Phillies","HOU Astros","PHI Phillies to hit the Team Cycle (1+ Single, 1+ Double, 1+ Triple, 1+ Home Run)","Yes",NA,"+1200","PHI Phillies - HOU Astros"
"225","PHI Phillies","HOU Astros","PHI Phillies to hit the Team Cycle (1+ Single, 1+ Double, 1+ Triple, 1+ Home Run)","No",NA,"-5000","PHI Phillies - HOU Astros"
"226","PHI Phillies","HOU Astros","Alex Bregman Runs","Over","0.5","+140","PHI Phillies - HOU Astros"
"227","PHI Phillies","HOU Astros","Alex Bregman Runs","Under","0.5","-185","PHI Phillies - HOU Astros"
"228","PHI Phillies","HOU Astros","Jose Altuve Walks","Over","0.5","+240","PHI Phillies - HOU Astros"
"229","PHI Phillies","HOU Astros","Jose Altuve Walks","Under","0.5","-350","PHI Phillies - HOU Astros"
"230","PHI Phillies","HOU Astros","Team With Highest Scoring Inning","HOU Astros",NA,"-190","PHI Phillies - HOU Astros"
"231","PHI Phillies","HOU Astros","Team With Highest Scoring Inning","PHI Phillies",NA,"+140","PHI Phillies - HOU Astros"
"232","PHI Phillies","HOU Astros","1st Earned Run Allowed - Noah Syndergaard v Justin Verlander","Justin Verlander",NA,"+130","PHI Phillies - HOU Astros"
"233","PHI Phillies","HOU Astros","1st Earned Run Allowed - Noah Syndergaard v Justin Verlander","Noah Syndergaard",NA,"-135","PHI Phillies - HOU Astros"
"234","PHI Phillies","HOU Astros","Top of 1st – Will There Be A Double Play?","Yes",NA,"+600","PHI Phillies - HOU Astros"
"235","PHI Phillies","HOU Astros","Top of 1st – Will There Be A Double Play?","No",NA,"-1200","PHI Phillies - HOU Astros"
"236","PHI Phillies","HOU Astros","Jeremy Pena Hits + Runs + RBIs","Over","1.5","-105","PHI Phillies - HOU Astros"
"237","PHI Phillies","HOU Astros","Jeremy Pena Hits + Runs + RBIs","Under","1.5","-125","PHI Phillies - HOU Astros"
"238","PHI Phillies","HOU Astros","Martin Maldonado Hits + Runs + RBIs","Over","0.5","+105","PHI Phillies - HOU Astros"
"239","PHI Phillies","HOU Astros","Martin Maldonado Hits + Runs + RBIs","Under","0.5","-140","PHI Phillies - HOU Astros"
"240","PHI Phillies","HOU Astros","Top of 1st – Total Hits","0",NA,"+145","PHI Phillies - HOU Astros"
"241","PHI Phillies","HOU Astros","Top of 1st – Total Hits","1",NA,"+190","PHI Phillies - HOU Astros"
"242","PHI Phillies","HOU Astros","Top of 1st – Total Hits","2",NA,"+450","PHI Phillies - HOU Astros"
"243","PHI Phillies","HOU Astros","Top of 1st – Total Hits","3+",NA,"+650","PHI Phillies - HOU Astros"
"244","PHI Phillies","HOU Astros","J.T. Realmuto Doubles","Over","0.5","+450","PHI Phillies - HOU Astros"
"245","PHI Phillies","HOU Astros","J.T. Realmuto Doubles","Under","0.5","-800","PHI Phillies - HOU Astros"
"246","PHI Phillies","HOU Astros","Alec Bohm to hit 1st Home Run?","Yes",NA,"+2000","PHI Phillies - HOU Astros"
"247","PHI Phillies","HOU Astros","Brandon Marsh Stolen Bases","Over","0.5","+750","PHI Phillies - HOU Astros"
"248","PHI Phillies","HOU Astros","Brandon Marsh Stolen Bases","Under","0.5","-2000","PHI Phillies - HOU Astros"
"249","PHI Phillies","HOU Astros","Yordan Alvarez Total Bases","Over","1.5","+115","PHI Phillies - HOU Astros"
"250","PHI Phillies","HOU Astros","Yordan Alvarez Total Bases","Under","1.5","-150","PHI Phillies - HOU Astros"
"251","PHI Phillies","HOU Astros","Jeremy Pena or Yuli Gurriel to record a Double","Yes",NA,"+200","PHI Phillies - HOU Astros"
"252","PHI Phillies","HOU Astros","Jeremy Pena or Yuli Gurriel to record a Double","No",NA,"-250","PHI Phillies - HOU Astros"
"253","PHI Phillies","HOU Astros","Jean Segura Runs","Over","0.5","+250","PHI Phillies - HOU Astros"
"254","PHI Phillies","HOU Astros","Jean Segura Runs","Under","0.5","-360","PHI Phillies - HOU Astros"
"255","PHI Phillies","HOU Astros","Alec Bohm Home Runs","Over","0.5","+950","PHI Phillies - HOU Astros"
"256","PHI Phillies","HOU Astros","Alec Bohm Home Runs","Under","0.5","-3500","PHI Phillies - HOU Astros"
"257","PHI Phillies","HOU Astros","J.T. Realmuto Stolen Bases","Over","0.5","+550","PHI Phillies - HOU Astros"
"258","PHI Phillies","HOU Astros","J.T. Realmuto Stolen Bases","Under","0.5","-1100","PHI Phillies - HOU Astros"
"259","PHI Phillies","HOU Astros","Brandon Marsh Runs","Over","0.5","+255","PHI Phillies - HOU Astros"
"260","PHI Phillies","HOU Astros","Brandon Marsh Runs","Under","0.5","-370","PHI Phillies - HOU Astros"
"261","PHI Phillies","HOU Astros","Jeremy Pena Walks","Over","0.5","+350","PHI Phillies - HOU Astros"
"262","PHI Phillies","HOU Astros","Jeremy Pena Walks","Under","0.5","-550","PHI Phillies - HOU Astros"
"263","PHI Phillies","HOU Astros","Justin Verlander Outs","Over","17.5","-120","PHI Phillies - HOU Astros"
"264","PHI Phillies","HOU Astros","Justin Verlander Outs","Under","17.5","-110","PHI Phillies - HOU Astros"
"265","PHI Phillies","HOU Astros","1st Hit","Jose Altuve",NA,"+295","PHI Phillies - HOU Astros"
"266","PHI Phillies","HOU Astros","1st Hit","Jeremy Pena",NA,"+370","PHI Phillies - HOU Astros"
"267","PHI Phillies","HOU Astros","1st Hit","Yordan Alvarez",NA,"+475","PHI Phillies - HOU Astros"
"268","PHI Phillies","HOU Astros","1st Hit","Rhys Hoskins",NA,"+850","PHI Phillies - HOU Astros"
"269","PHI Phillies","HOU Astros","1st Hit","J.T. Realmuto",NA,"+900","PHI Phillies - HOU Astros"
"270","PHI Phillies","HOU Astros","1st Hit","Kyle Schwarber",NA,"+900","PHI Phillies - HOU Astros"
"271","PHI Phillies","HOU Astros","1st Hit","Alex Bregman",NA,"+950","PHI Phillies - HOU Astros"
"272","PHI Phillies","HOU Astros","1st Hit","Kyle Tucker",NA,"+1200","PHI Phillies - HOU Astros"
"273","PHI Phillies","HOU Astros","1st Hit","Bryce Harper",NA,"+1400","PHI Phillies - HOU Astros"
"274","PHI Phillies","HOU Astros","Bryce Harper to hit 1st Home Run?","Yes",NA,"+950","PHI Phillies - HOU Astros"
"275","PHI Phillies","HOU Astros","Bryce Harper to hit 1st Home Run?","No",NA,"-2000","PHI Phillies - HOU Astros"
"276","PHI Phillies","HOU Astros","Chas McCormick Singles","Over","0.5","+130","PHI Phillies - HOU Astros"
"277","PHI Phillies","HOU Astros","Chas McCormick Singles","Under","0.5","-170","PHI Phillies - HOU Astros"
"278","PHI Phillies","HOU Astros","Kyle Schwarber Home Runs","Over","0.5","+310","PHI Phillies - HOU Astros"
"279","PHI Phillies","HOU Astros","Kyle Schwarber Home Runs","Under","0.5","-475","PHI Phillies - HOU Astros"
"280","PHI Phillies","HOU Astros","Bottom of 1st – Will There Be An Extra Base Hit?","Yes",NA,"+220","PHI Phillies - HOU Astros"
"281","PHI Phillies","HOU Astros","Bottom of 1st – Will There Be An Extra Base Hit?","No",NA,"-300","PHI Phillies - HOU Astros"
"282","PHI Phillies","HOU Astros","Jose Altuve Hits + Runs + RBIs","Over","1.5","+100","PHI Phillies - HOU Astros"
"283","PHI Phillies","HOU Astros","Jose Altuve Hits + Runs + RBIs","Under","1.5","-130","PHI Phillies - HOU Astros"
"284","PHI Phillies","HOU Astros","Kyle Schwarber Hits + Runs + RBIs","Over","1.5","+125","PHI Phillies - HOU Astros"
"285","PHI Phillies","HOU Astros","Kyle Schwarber Hits + Runs + RBIs","Under","1.5","-165","PHI Phillies - HOU Astros"
"286","PHI Phillies","HOU Astros","Bottom of 1st – Will There Be A Walk?","Yes",NA,"+265","PHI Phillies - HOU Astros"
"287","PHI Phillies","HOU Astros","Bottom of 1st – Will There Be A Walk?","No",NA,"-390","PHI Phillies - HOU Astros"
"288","PHI Phillies","HOU Astros","Yuli Gurriel Total Bases","Over","1.5","+160","PHI Phillies - HOU Astros"
"289","PHI Phillies","HOU Astros","Yuli Gurriel Total Bases","Under","1.5","-220","PHI Phillies - HOU Astros"
"290","PHI Phillies","HOU Astros","Jose Altuve or Alex Bregman to record a Double","Yes",NA,"+180","PHI Phillies - HOU Astros"
"291","PHI Phillies","HOU Astros","Jose Altuve or Alex Bregman to record a Double","No",NA,"-225","PHI Phillies - HOU Astros"
"292","PHI Phillies","HOU Astros","Rhys Hoskins Walks","Over","0.5","+165","PHI Phillies - HOU Astros"
"293","PHI Phillies","HOU Astros","Rhys Hoskins Walks","Under","0.5","-225","PHI Phillies - HOU Astros"
"294","PHI Phillies","HOU Astros","Chas McCormick Strikeouts","Over","1.5","+155","PHI Phillies - HOU Astros"
"295","PHI Phillies","HOU Astros","Chas McCormick Strikeouts","Under","1.5","-215","PHI Phillies - HOU Astros"
"296","PHI Phillies","HOU Astros","Yuli Gurriel Strikeouts","Over","0.5","+120","PHI Phillies - HOU Astros"
"297","PHI Phillies","HOU Astros","Yuli Gurriel Strikeouts","Under","0.5","-160","PHI Phillies - HOU Astros"
"298","PHI Phillies","HOU Astros","Kyle Schwarber Doubles","Over","0.5","+500","PHI Phillies - HOU Astros"
"299","PHI Phillies","HOU Astros","Kyle Schwarber Doubles","Under","0.5","-900","PHI Phillies - HOU Astros"
"300","PHI Phillies","HOU Astros","Jose Altuve Hits","Over","0.5","-210","PHI Phillies - HOU Astros"
"301","PHI Phillies","HOU Astros","Jose Altuve Hits","Under","0.5","+155","PHI Phillies - HOU Astros"
"302","PHI Phillies","HOU Astros","Run Line 1st 5 Innings","HOU Astros","-0.5","-110","PHI Phillies - HOU Astros"
"303","PHI Phillies","HOU Astros","Run Line 1st 5 Innings","PHI Phillies","+0.5","-120","PHI Phillies - HOU Astros"
"304","PHI Phillies","HOU Astros","Chas McCormick Doubles","Over","0.5","+550","PHI Phillies - HOU Astros"
"305","PHI Phillies","HOU Astros","Chas McCormick Doubles","Under","0.5","-1100","PHI Phillies - HOU Astros"
"306","PHI Phillies","HOU Astros","Alec Bohm RBIs","Over","0.5","+270","PHI Phillies - HOU Astros"
"307","PHI Phillies","HOU Astros","Alec Bohm RBIs","Under","0.5","-400","PHI Phillies - HOU Astros"
"308","PHI Phillies","HOU Astros","Total Hits","Over","15.5","-120","PHI Phillies - HOU Astros"
"309","PHI Phillies","HOU Astros","Total Hits","Under","15.5","-110","PHI Phillies - HOU Astros"
"310","PHI Phillies","HOU Astros","Noah Syndergaard Strikeouts Thrown","Over","2.5","+110","PHI Phillies - HOU Astros"
"311","PHI Phillies","HOU Astros","Noah Syndergaard Strikeouts Thrown","Under","2.5","-145","PHI Phillies - HOU Astros"
"312","PHI Phillies","HOU Astros","Yordan Alvarez to hit 1st Home Run?","Yes",NA,"+600","PHI Phillies - HOU Astros"
"313","PHI Phillies","HOU Astros","Yordan Alvarez to hit 1st Home Run?","No",NA,"-1000","PHI Phillies - HOU Astros"
"314","PHI Phillies","HOU Astros","Rhys Hoskins Total Bases","Over","0.5","-155","PHI Phillies - HOU Astros"
"315","PHI Phillies","HOU Astros","Rhys Hoskins Total Bases","Under","0.5","+115","PHI Phillies - HOU Astros"
"316","PHI Phillies","HOU Astros","J.T. Realmuto Walks","Over","0.5","+235","PHI Phillies - HOU Astros"
"317","PHI Phillies","HOU Astros","J.T. Realmuto Walks","Under","0.5","-340","PHI Phillies - HOU Astros"
"318","PHI Phillies","HOU Astros","HOU Astros to Score - 1st Inning","Yes",NA,"+195","PHI Phillies - HOU Astros"
"319","PHI Phillies","HOU Astros","HOU Astros to Score - 1st Inning","No",NA,"-270","PHI Phillies - HOU Astros"
"320","PHI Phillies","HOU Astros","J.T. Realmuto to hit 1st Home Run?","Yes",NA,"+1200","PHI Phillies - HOU Astros"
"321","PHI Phillies","HOU Astros","J.T. Realmuto to hit 1st Home Run?","No",NA,"-3500","PHI Phillies - HOU Astros"
"322","PHI Phillies","HOU Astros","Bryson Stott Walks","Over","0.5","+330","PHI Phillies - HOU Astros"
"323","PHI Phillies","HOU Astros","Bryson Stott Walks","Under","0.5","-525","PHI Phillies - HOU Astros"
"324","PHI Phillies","HOU Astros","Will Justin Verlander Record a Win?","Yes",NA,"+160","PHI Phillies - HOU Astros"
"325","PHI Phillies","HOU Astros","Will Justin Verlander Record a Win?","No",NA,"-215","PHI Phillies - HOU Astros"
"326","PHI Phillies","HOU Astros","Chas McCormick to hit 1st Home Run?","Yes",NA,"+2000","PHI Phillies - HOU Astros"
"327","PHI Phillies","HOU Astros","HOU Astros: Team Total Runs","Over","4.5","+105","PHI Phillies - HOU Astros"
"328","PHI Phillies","HOU Astros","HOU Astros: Team Total Runs","Under","4.5","-135","PHI Phillies - HOU Astros"
"329","PHI Phillies","HOU Astros","PHI Phillies Score First + Win","Yes",NA,"+290","PHI Phillies - HOU Astros"
"330","PHI Phillies","HOU Astros","PHI Phillies Score First + Win","No",NA,"-425","PHI Phillies - HOU Astros"
"331","PHI Phillies","HOU Astros","Jean Segura Home Runs","Over","0.5","+1200","PHI Phillies - HOU Astros"
"332","PHI Phillies","HOU Astros","Jean Segura Home Runs","Under","0.5","-10000","PHI Phillies - HOU Astros"
"333","PHI Phillies","HOU Astros","Bryce Harper or J.T. Realmuto to record a Double","Yes",NA,"+190","PHI Phillies - HOU Astros"
"334","PHI Phillies","HOU Astros","Bryce Harper or J.T. Realmuto to record a Double","No",NA,"-240","PHI Phillies - HOU Astros"
"335","PHI Phillies","HOU Astros","Jeremy Pena Strikeouts","Over","1.5","+160","PHI Phillies - HOU Astros"
"336","PHI Phillies","HOU Astros","Jeremy Pena Strikeouts","Under","1.5","-220","PHI Phillies - HOU Astros"
"337","PHI Phillies","HOU Astros","Noah Syndergaard Hits Allowed","Over","2.5","-165","PHI Phillies - HOU Astros"
"338","PHI Phillies","HOU Astros","Noah Syndergaard Hits Allowed","Under","2.5","+125","PHI Phillies - HOU Astros"
"339","PHI Phillies","HOU Astros","Moneyline 1st 5 Innings","HOU Astros",NA,"-160","PHI Phillies - HOU Astros"
"340","PHI Phillies","HOU Astros","Moneyline 1st 5 Innings","PHI Phillies",NA,"+130","PHI Phillies - HOU Astros"
"341","PHI Phillies","HOU Astros","PHI Phillies to Bat Bottom of 9th","Yes",NA,"-275","PHI Phillies - HOU Astros"
"342","PHI Phillies","HOU Astros","PHI Phillies to Bat Bottom of 9th","No",NA,"+195","PHI Phillies - HOU Astros"
"343","PHI Phillies","HOU Astros","Bryson Stott to hit 1st Home Run?","Yes",NA,"+2000","PHI Phillies - HOU Astros"
"344","PHI Phillies","HOU Astros","Team To Win Most Innings","HOU Astros",NA,"-220","PHI Phillies - HOU Astros"
"345","PHI Phillies","HOU Astros","Team To Win Most Innings","PHI Phillies",NA,"+160","PHI Phillies - HOU Astros"
"346","PHI Phillies","HOU Astros","HOU Astros Score First + Win","Yes",NA,"+105","PHI Phillies - HOU Astros"
"347","PHI Phillies","HOU Astros","HOU Astros Score First + Win","No",NA,"-140","PHI Phillies - HOU Astros"
"348","PHI Phillies","HOU Astros","Bryson Stott Strikeouts","Over","0.5","-165","PHI Phillies - HOU Astros"
"349","PHI Phillies","HOU Astros","Bryson Stott Strikeouts","Under","0.5","+125","PHI Phillies - HOU Astros"
"350","PHI Phillies","HOU Astros","Nick Castellanos Home Runs","Over","0.5","+750","PHI Phillies - HOU Astros"
"351","PHI Phillies","HOU Astros","Nick Castellanos Home Runs","Under","0.5","-2000","PHI Phillies - HOU Astros"
"352","PHI Phillies","HOU Astros","Bottom of 1st – Total Hits","0",NA,"-110","PHI Phillies - HOU Astros"
"353","PHI Phillies","HOU Astros","Bottom of 1st – Total Hits","1",NA,"+210","PHI Phillies - HOU Astros"
"354","PHI Phillies","HOU Astros","Bottom of 1st – Total Hits","2",NA,"+600","PHI Phillies - HOU Astros"
"355","PHI Phillies","HOU Astros","Bottom of 1st – Total Hits","3+",NA,"+1000","PHI Phillies - HOU Astros"
"356","PHI Phillies","HOU Astros","Alex Bregman RBIs","Over","0.5","+180","PHI Phillies - HOU Astros"
"357","PHI Phillies","HOU Astros","Alex Bregman RBIs","Under","0.5","-245","PHI Phillies - HOU Astros"
"358","PHI Phillies","HOU Astros","Jean Segura Total Bases","Over","0.5","-160","PHI Phillies - HOU Astros"
"359","PHI Phillies","HOU Astros","Jean Segura Total Bases","Under","0.5","+120","PHI Phillies - HOU Astros"
"360","PHI Phillies","HOU Astros","Alex Bregman Doubles","Over","0.5","+370","PHI Phillies - HOU Astros"
"361","PHI Phillies","HOU Astros","Alex Bregman Doubles","Under","0.5","-600","PHI Phillies - HOU Astros"
"362","PHI Phillies","HOU Astros","Kyle Tucker Hits","Over","0.5","-210","PHI Phillies - HOU Astros"
"363","PHI Phillies","HOU Astros","Kyle Tucker Hits","Under","0.5","+155","PHI Phillies - HOU Astros"
"364","PHI Phillies","HOU Astros","Kyle Tucker RBIs","Over","0.5","+175","PHI Phillies - HOU Astros"
"365","PHI Phillies","HOU Astros","Kyle Tucker RBIs","Under","0.5","-240","PHI Phillies - HOU Astros"
"366","PHI Phillies","HOU Astros","Martin Maldonado Hits","Over","0.5","+135","PHI Phillies - HOU Astros"
"367","PHI Phillies","HOU Astros","Martin Maldonado Hits","Under","0.5","-180","PHI Phillies - HOU Astros"
"368","PHI Phillies","HOU Astros","J.T. Realmuto Hits","Over","0.5","-185","PHI Phillies - HOU Astros"
"369","PHI Phillies","HOU Astros","J.T. Realmuto Hits","Under","0.5","+140","PHI Phillies - HOU Astros"
"370","PHI Phillies","HOU Astros","Jose Altuve Total Bases","Over","1.5","+155","PHI Phillies - HOU Astros"
"371","PHI Phillies","HOU Astros","Jose Altuve Total Bases","Under","1.5","-210","PHI Phillies - HOU Astros"
"372","PHI Phillies","HOU Astros","Brandon Marsh Strikeouts","Over","1.5","+160","PHI Phillies - HOU Astros"
"373","PHI Phillies","HOU Astros","Brandon Marsh Strikeouts","Under","1.5","-220","PHI Phillies - HOU Astros"
"374","PHI Phillies","HOU Astros","Kyle Tucker Hits + Runs + RBIs","Over","1.5","-110","PHI Phillies - HOU Astros"
"375","PHI Phillies","HOU Astros","Kyle Tucker Hits + Runs + RBIs","Under","1.5","-120","PHI Phillies - HOU Astros"
"376","PHI Phillies","HOU Astros","Kyle Tucker Doubles","Over","0.5","+370","PHI Phillies - HOU Astros"
"377","PHI Phillies","HOU Astros","Kyle Tucker Doubles","Under","0.5","-600","PHI Phillies - HOU Astros"
"378","PHI Phillies","HOU Astros","Bryce Harper Runs","Over","0.5","+140","PHI Phillies - HOU Astros"
"379","PHI Phillies","HOU Astros","Bryce Harper Runs","Under","0.5","-190","PHI Phillies - HOU Astros"
"380","PHI Phillies","HOU Astros","Bryce Harper Hits","Over","0.5","-200","PHI Phillies - HOU Astros"
"381","PHI Phillies","HOU Astros","Bryce Harper Hits","Under","0.5","+145","PHI Phillies - HOU Astros"
"382","PHI Phillies","HOU Astros","Yuli Gurriel Hits + Runs + RBIs","Over","1.5","+105","PHI Phillies - HOU Astros"
"383","PHI Phillies","HOU Astros","Yuli Gurriel Hits + Runs + RBIs","Under","1.5","-140","PHI Phillies - HOU Astros"
"384","PHI Phillies","HOU Astros","Kyle Tucker Total Bases","Over","1.5","+140","PHI Phillies - HOU Astros"
"385","PHI Phillies","HOU Astros","Kyle Tucker Total Bases","Under","1.5","-190","PHI Phillies - HOU Astros"
"386","PHI Phillies","HOU Astros","J.T. Realmuto RBIs","Over","0.5","+245","PHI Phillies - HOU Astros"
"387","PHI Phillies","HOU Astros","J.T. Realmuto RBIs","Under","0.5","-360","PHI Phillies - HOU Astros"
"388","PHI Phillies","HOU Astros","Jean Segura Stolen Bases","Over","0.5","+600","PHI Phillies - HOU Astros"
"389","PHI Phillies","HOU Astros","Jean Segura Stolen Bases","Under","0.5","-1400","PHI Phillies - HOU Astros"
"390","PHI Phillies","HOU Astros","Kyle Tucker to hit 1st Home Run?","Yes",NA,"+1000","PHI Phillies - HOU Astros"
"391","PHI Phillies","HOU Astros","Kyle Tucker to hit 1st Home Run?","No",NA,"-2000","PHI Phillies - HOU Astros"
"392","PHI Phillies","HOU Astros","Alec Bohm Doubles","Over","0.5","+475","PHI Phillies - HOU Astros"
"393","PHI Phillies","HOU Astros","Alec Bohm Doubles","Under","0.5","-800","PHI Phillies - HOU Astros"
"394","PHI Phillies","HOU Astros","Yordan Alvarez Hits","Over","0.5","-215","PHI Phillies - HOU Astros"
"395","PHI Phillies","HOU Astros","Yordan Alvarez Hits","Under","0.5","+160","PHI Phillies - HOU Astros"
"396","PHI Phillies","HOU Astros","Jose Altuve Home Runs","Over","0.5","+800","PHI Phillies - HOU Astros"
"397","PHI Phillies","HOU Astros","Jose Altuve Home Runs","Under","0.5","-2000","PHI Phillies - HOU Astros"
"398","PHI Phillies","HOU Astros","Yuli Gurriel Singles","Over","0.5","-135","PHI Phillies - HOU Astros"
"399","PHI Phillies","HOU Astros","Yuli Gurriel Singles","Under","0.5","+105","PHI Phillies - HOU Astros"
"400","PHI Phillies","HOU Astros","Bryson Stott Hits + Runs + RBIs","Over","0.5","-165","PHI Phillies - HOU Astros"
"401","PHI Phillies","HOU Astros","Bryson Stott Hits + Runs + RBIs","Under","0.5","+120","PHI Phillies - HOU Astros"
"402","PHI Phillies","HOU Astros","Rhys Hoskins Strikeouts","Over","1.5","+155","PHI Phillies - HOU Astros"
"403","PHI Phillies","HOU Astros","Rhys Hoskins Strikeouts","Under","1.5","-215","PHI Phillies - HOU Astros"
"404","PHI Phillies","HOU Astros","Jean Segura Hits","Over","0.5","-160","PHI Phillies - HOU Astros"
"405","PHI Phillies","HOU Astros","Jean Segura Hits","Under","0.5","+120","PHI Phillies - HOU Astros"
"406","PHI Phillies","HOU Astros","Rhys Hoskins Hits + Runs + RBIs","Over","1.5","+115","PHI Phillies - HOU Astros"
"407","PHI Phillies","HOU Astros","Rhys Hoskins Hits + Runs + RBIs","Under","1.5","-155","PHI Phillies - HOU Astros"
"408","PHI Phillies","HOU Astros","Alec Bohm Runs","Over","0.5","+215","PHI Phillies - HOU Astros"
"409","PHI Phillies","HOU Astros","Alec Bohm Runs","Under","0.5","-310","PHI Phillies - HOU Astros"
"410","PHI Phillies","HOU Astros","HOU Astros: Team Total Runs - 1st 5 Innings","Over","2.5","+135","PHI Phillies - HOU Astros"
"411","PHI Phillies","HOU Astros","HOU Astros: Team Total Runs - 1st 5 Innings","Under","2.5","-155","PHI Phillies - HOU Astros"
"412","PHI Phillies","HOU Astros","Bottom of 1st – Total Strikeouts","1",NA,"+125","PHI Phillies - HOU Astros"
"413","PHI Phillies","HOU Astros","Bottom of 1st – Total Strikeouts","2",NA,"+265","PHI Phillies - HOU Astros"
"414","PHI Phillies","HOU Astros","Bottom of 1st – Total Strikeouts","0",NA,"+275","PHI Phillies - HOU Astros"
"415","PHI Phillies","HOU Astros","Bottom of 1st – Total Strikeouts","3+",NA,"+1100","PHI Phillies - HOU Astros"
"416","PHI Phillies","HOU Astros","Chas McCormick Runs","Over","0.5","+230","PHI Phillies - HOU Astros"
"417","PHI Phillies","HOU Astros","Chas McCormick Runs","Under","0.5","-330","PHI Phillies - HOU Astros"
"418","PHI Phillies","HOU Astros","Bryce Harper Total Bases","Over","1.5","+130","PHI Phillies - HOU Astros"
"419","PHI Phillies","HOU Astros","Bryce Harper Total Bases","Under","1.5","-175","PHI Phillies - HOU Astros"
"420","PHI Phillies","HOU Astros","Bryson Stott RBIs","Over","0.5","+310","PHI Phillies - HOU Astros"
"421","PHI Phillies","HOU Astros","Bryson Stott RBIs","Under","0.5","-475","PHI Phillies - HOU Astros"
"422","PHI Phillies","HOU Astros","Race to 7 Runs","HOU Astros",NA,"+295","PHI Phillies - HOU Astros"
"423","PHI Phillies","HOU Astros","Race to 7 Runs","Neither",NA,"-255","PHI Phillies - HOU Astros"
"424","PHI Phillies","HOU Astros","Race to 7 Runs","PHI Phillies",NA,"+700","PHI Phillies - HOU Astros"
"425","PHI Phillies","HOU Astros","Yordan Alvarez Home Runs","Over","0.5","+330","PHI Phillies - HOU Astros"
"426","PHI Phillies","HOU Astros","Yordan Alvarez Home Runs","Under","0.5","-500","PHI Phillies - HOU Astros"
"427","PHI Phillies","HOU Astros","Chas McCormick Home Runs","Over","0.5","+950","PHI Phillies - HOU Astros"
"428","PHI Phillies","HOU Astros","Chas McCormick Home Runs","Under","0.5","-3500","PHI Phillies - HOU Astros"
"429","PHI Phillies","HOU Astros","Bryson Stott Home Runs","Over","0.5","+950","PHI Phillies - HOU Astros"
"430","PHI Phillies","HOU Astros","Bryson Stott Home Runs","Under","0.5","-4000","PHI Phillies - HOU Astros"
"431","PHI Phillies","HOU Astros","PHI Phillies: Team Total Runs - 1st 5 Innings","Over","1.5","+100","PHI Phillies - HOU Astros"
"432","PHI Phillies","HOU Astros","PHI Phillies: Team Total Runs - 1st 5 Innings","Under","1.5","-120","PHI Phillies - HOU Astros"
"433","PHI Phillies","HOU Astros","Brandon Marsh to hit 1st Home Run?","Yes",NA,"+2200","PHI Phillies - HOU Astros"
"434","PHI Phillies","HOU Astros","Martin Maldonado Strikeouts","Over","1.5","+200","PHI Phillies - HOU Astros"
"435","PHI Phillies","HOU Astros","Martin Maldonado Strikeouts","Under","1.5","-280","PHI Phillies - HOU Astros"
"436","PHI Phillies","HOU Astros","Brandon Marsh Hits","Over","0.5","+105","PHI Phillies - HOU Astros"
"437","PHI Phillies","HOU Astros","Brandon Marsh Hits","Under","0.5","-140","PHI Phillies - HOU Astros"
"438","PHI Phillies","HOU Astros","Justin Verlander Strikeouts Thrown","Over","5.5","-165","PHI Phillies - HOU Astros"
"439","PHI Phillies","HOU Astros","Justin Verlander Strikeouts Thrown","Under","5.5","+125","PHI Phillies - HOU Astros"
"440","PHI Phillies","HOU Astros","Bottom of 1st – Will There Be A Double Play?","Yes",NA,"+700","PHI Phillies - HOU Astros"
"441","PHI Phillies","HOU Astros","Bottom of 1st – Will There Be A Double Play?","No",NA,"-1600","PHI Phillies - HOU Astros"
"442","PHI Phillies","HOU Astros","Bryce Harper Walks","Over","0.5","+205","PHI Phillies - HOU Astros"
"443","PHI Phillies","HOU Astros","Bryce Harper Walks","Under","0.5","-290","PHI Phillies - HOU Astros"
"444","PHI Phillies","HOU Astros","Top of 1st – Will There Be A Walk?","Yes",NA,"+260","PHI Phillies - HOU Astros"
"445","PHI Phillies","HOU Astros","Top of 1st – Will There Be A Walk?","No",NA,"-370","PHI Phillies - HOU Astros"
"446","PHI Phillies","HOU Astros","Rhys Hoskins Runs","Over","0.5","+140","PHI Phillies - HOU Astros"
"447","PHI Phillies","HOU Astros","Rhys Hoskins Runs","Under","0.5","-190","PHI Phillies - HOU Astros"
"448","PHI Phillies","HOU Astros","First Scoring Play - Number of Runs","1 Run",NA,"-390","PHI Phillies - HOU Astros"
"449","PHI Phillies","HOU Astros","First Scoring Play - Number of Runs","2 Runs",NA,"+350","PHI Phillies - HOU Astros"
"450","PHI Phillies","HOU Astros","First Scoring Play - Number of Runs","3 Runs",NA,"+1600","PHI Phillies - HOU Astros"
"451","PHI Phillies","HOU Astros","First Scoring Play - Number of Runs","4 Runs",NA,"+6500","PHI Phillies - HOU Astros"
"452","PHI Phillies","HOU Astros","Bryce Harper Home Runs","Over","0.5","+390","PHI Phillies - HOU Astros"
"453","PHI Phillies","HOU Astros","Bryce Harper Home Runs","Under","0.5","-650","PHI Phillies - HOU Astros"
"454","PHI Phillies","HOU Astros","Alex Bregman Strikeouts","Over","0.5","-115","PHI Phillies - HOU Astros"
"455","PHI Phillies","HOU Astros","Alex Bregman Strikeouts","Under","0.5","-115","PHI Phillies - HOU Astros"
"456","PHI Phillies","HOU Astros","Jeremy Pena Singles","Over","0.5","-120","PHI Phillies - HOU Astros"
"457","PHI Phillies","HOU Astros","Jeremy Pena Singles","Under","0.5","-110","PHI Phillies - HOU Astros"
"458","PHI Phillies","HOU Astros","Brandon Marsh Home Runs","Over","0.5","+1000","PHI Phillies - HOU Astros"
"459","PHI Phillies","HOU Astros","Brandon Marsh Home Runs","Under","0.5","-4000","PHI Phillies - HOU Astros"
"460","PHI Phillies","HOU Astros","Kyle Schwarber Runs","Over","0.5","+120","PHI Phillies - HOU Astros"
"461","PHI Phillies","HOU Astros","Kyle Schwarber Runs","Under","0.5","-155","PHI Phillies - HOU Astros"
"462","PHI Phillies","HOU Astros","Yuli Gurriel Doubles","Over","0.5","+380","PHI Phillies - HOU Astros"
"463","PHI Phillies","HOU Astros","Yuli Gurriel Doubles","Under","0.5","-650","PHI Phillies - HOU Astros"
"464","PHI Phillies","HOU Astros","Alex Bregman Home Runs","Over","0.5","+600","PHI Phillies - HOU Astros"
"465","PHI Phillies","HOU Astros","Alex Bregman Home Runs","Under","0.5","-1200","PHI Phillies - HOU Astros"
"466","PHI Phillies","HOU Astros","Brandon Marsh Doubles","Over","0.5","+600","PHI Phillies - HOU Astros"
"467","PHI Phillies","HOU Astros","Brandon Marsh Doubles","Under","0.5","-1200","PHI Phillies - HOU Astros"
"468","PHI Phillies","HOU Astros","Yuli Gurriel RBIs","Over","0.5","+230","PHI Phillies - HOU Astros"
"469","PHI Phillies","HOU Astros","Yuli Gurriel RBIs","Under","0.5","-330","PHI Phillies - HOU Astros"
"470","PHI Phillies","HOU Astros","1st RBI","Yordan Alvarez",NA,"+500","PHI Phillies - HOU Astros"
"471","PHI Phillies","HOU Astros","1st RBI","Alex Bregman",NA,"+550","PHI Phillies - HOU Astros"
"472","PHI Phillies","HOU Astros","1st RBI","Kyle Tucker",NA,"+850","PHI Phillies - HOU Astros"
"473","PHI Phillies","HOU Astros","1st RBI","Bryce Harper",NA,"+900","PHI Phillies - HOU Astros"
"474","PHI Phillies","HOU Astros","1st RBI","J.T. Realmuto",NA,"+950","PHI Phillies - HOU Astros"
"475","PHI Phillies","HOU Astros","1st RBI","Kyle Schwarber",NA,"+950","PHI Phillies - HOU Astros"
"476","PHI Phillies","HOU Astros","1st RBI","Jeremy Pena",NA,"+950","PHI Phillies - HOU Astros"
"477","PHI Phillies","HOU Astros","1st RBI","Rhys Hoskins",NA,"+1000","PHI Phillies - HOU Astros"
"478","PHI Phillies","HOU Astros","1st RBI","Yuli Gurriel",NA,"+1100","PHI Phillies - HOU Astros"
"479","PHI Phillies","HOU Astros","1st RBI","Jose Altuve",NA,"+1200","PHI Phillies - HOU Astros"
"480","PHI Phillies","HOU Astros","1st RBI","Nick Castellanos",NA,"+1200","PHI Phillies - HOU Astros"
"481","PHI Phillies","HOU Astros","1st RBI","Chas McCormick",NA,"+1300","PHI Phillies - HOU Astros"
"482","PHI Phillies","HOU Astros","1st RBI","Alec Bohm",NA,"+1400","PHI Phillies - HOU Astros"
"483","PHI Phillies","HOU Astros","1st RBI","Bryson Stott",NA,"+1500","PHI Phillies - HOU Astros"
"484","PHI Phillies","HOU Astros","1st RBI","Martin Maldonado",NA,"+1600","PHI Phillies - HOU Astros"
"485","PHI Phillies","HOU Astros","1st RBI","Jean Segura",NA,"+1600","PHI Phillies - HOU Astros"
"486","PHI Phillies","HOU Astros","1st RBI","Brandon Marsh",NA,"+1800","PHI Phillies - HOU Astros"
"487","PHI Phillies","HOU Astros","Jeremy Pena RBIs","Over","0.5","+270","PHI Phillies - HOU Astros"
"488","PHI Phillies","HOU Astros","Jeremy Pena RBIs","Under","0.5","-400","PHI Phillies - HOU Astros"
"489","PHI Phillies","HOU Astros","Martin Maldonado Home Runs","Over","0.5","+1000","PHI Phillies - HOU Astros"
"490","PHI Phillies","HOU Astros","Martin Maldonado Home Runs","Under","0.5","-5000","PHI Phillies - HOU Astros"
"491","PHI Phillies","HOU Astros","Runs - 1st Inning","Over","0.5","+105","PHI Phillies - HOU Astros"
"492","PHI Phillies","HOU Astros","Runs - 1st Inning","Under","0.5","-135","PHI Phillies - HOU Astros"
"493","PHI Phillies","HOU Astros","Runs - 1st Inning","Over","1.5","+260","PHI Phillies - HOU Astros"
"494","PHI Phillies","HOU Astros","Runs - 1st Inning","Under","1.5","-370","PHI Phillies - HOU Astros"
"495","PHI Phillies","HOU Astros","1st Run","HOU Astros",NA,"-200","PHI Phillies - HOU Astros"
"496","PHI Phillies","HOU Astros","1st Run","PHI Phillies",NA,"+145","PHI Phillies - HOU Astros"
"497","PHI Phillies","HOU Astros","Kyle Tucker Stolen Bases","Over","0.5","+450","PHI Phillies - HOU Astros"
"498","PHI Phillies","HOU Astros","Kyle Tucker Stolen Bases","Under","0.5","-800","PHI Phillies - HOU Astros"
"499","PHI Phillies","HOU Astros","Kyle Tucker Strikeouts","Over","0.5","-140","PHI Phillies - HOU Astros"
"500","PHI Phillies","HOU Astros","Kyle Tucker Strikeouts","Under","0.5","+105","PHI Phillies - HOU Astros"
"501","PHI Phillies","HOU Astros","Nick Castellanos Strikeouts","Over","1.5","+195","PHI Phillies - HOU Astros"
"502","PHI Phillies","HOU Astros","Nick Castellanos Strikeouts","Under","1.5","-265","PHI Phillies - HOU Astros"
"503","PHI Phillies","HOU Astros","Jeremy Pena to hit 1st Home Run?","Yes",NA,"+1400","PHI Phillies - HOU Astros"
"504","PHI Phillies","HOU Astros","Jeremy Pena to hit 1st Home Run?","No",NA,"-4000","PHI Phillies - HOU Astros"
"505","PHI Phillies","HOU Astros","Kyle Tucker Runs","Over","0.5","+135","PHI Phillies - HOU Astros"
"506","PHI Phillies","HOU Astros","Kyle Tucker Runs","Under","0.5","-180","PHI Phillies - HOU Astros"
"507","PHI Phillies","HOU Astros","Justin Verlander Walks Allowed","Over","1.5","+130","PHI Phillies - HOU Astros"
"508","PHI Phillies","HOU Astros","Justin Verlander Walks Allowed","Under","1.5","-175","PHI Phillies - HOU Astros"
"509","PHI Phillies","HOU Astros","Bryson Stott Runs","Over","0.5","+235","PHI Phillies - HOU Astros"
"510","PHI Phillies","HOU Astros","Bryson Stott Runs","Under","0.5","-330","PHI Phillies - HOU Astros"
"511","PHI Phillies","HOU Astros","Kyle Schwarber Hits","Over","0.5","-130","PHI Phillies - HOU Astros"
"512","PHI Phillies","HOU Astros","Kyle Schwarber Hits","Under","0.5","-105","PHI Phillies - HOU Astros"
"513","PHI Phillies","HOU Astros","Martin Maldonado Singles","Over","0.5","+215","PHI Phillies - HOU Astros"
"514","PHI Phillies","HOU Astros","Martin Maldonado Singles","Under","0.5","-300","PHI Phillies - HOU Astros"
"515","PHI Phillies","HOU Astros","Inning of First Score","1st Inning",NA,"-105","PHI Phillies - HOU Astros"
"516","PHI Phillies","HOU Astros","Inning of First Score","2nd Inning",NA,"+310","PHI Phillies - HOU Astros"
"517","PHI Phillies","HOU Astros","Inning of First Score","3rd Inning",NA,"+550","PHI Phillies - HOU Astros"
"518","PHI Phillies","HOU Astros","Inning of First Score","4th Inning",NA,"+1000","PHI Phillies - HOU Astros"
"519","PHI Phillies","HOU Astros","Inning of First Score","5th Inning",NA,"+1800","PHI Phillies - HOU Astros"
"520","PHI Phillies","HOU Astros","Inning of First Score","6th Inning",NA,"+2200","PHI Phillies - HOU Astros"
"521","PHI Phillies","HOU Astros","Inning of First Score","7th Inning",NA,"+4000","PHI Phillies - HOU Astros"
"522","PHI Phillies","HOU Astros","Inning of First Score","8th Inning",NA,"+5500","PHI Phillies - HOU Astros"
"523","PHI Phillies","HOU Astros","Inning of First Score","9th Inning",NA,"+6000","PHI Phillies - HOU Astros"
"524","PHI Phillies","HOU Astros","Inning of First Score","10th Inning or Later",NA,"+6500","PHI Phillies - HOU Astros"
"525","PHI Phillies","HOU Astros","Yuli Gurriel Home Runs","Over","0.5","+950","PHI Phillies - HOU Astros"
"526","PHI Phillies","HOU Astros","Yuli Gurriel Home Runs","Under","0.5","-3500","PHI Phillies - HOU Astros"
"527","PHI Phillies","HOU Astros","Yordan Alvarez or Kyle Tucker to record a Double","Yes",NA,"+175","PHI Phillies - HOU Astros"
"528","PHI Phillies","HOU Astros","Yordan Alvarez or Kyle Tucker to record a Double","No",NA,"-220","PHI Phillies - HOU Astros"
"529","PHI Phillies","HOU Astros","Jose Altuve RBIs","Over","0.5","+300","PHI Phillies - HOU Astros"
"530","PHI Phillies","HOU Astros","Jose Altuve RBIs","Under","0.5","-450","PHI Phillies - HOU Astros"
"531","PHI Phillies","HOU Astros","Total 1st 5 Innings","Over","4","-105","PHI Phillies - HOU Astros"
"532","PHI Phillies","HOU Astros","Total 1st 5 Innings","Under","4","-125","PHI Phillies - HOU Astros"
"533","PHI Phillies","HOU Astros","Bryson Stott Doubles","Over","0.5","+450","PHI Phillies - HOU Astros"
"534","PHI Phillies","HOU Astros","Bryson Stott Doubles","Under","0.5","-800","PHI Phillies - HOU Astros"
"535","PHI Phillies","HOU Astros","Kyle Schwarber Stolen Bases","Over","0.5","+900","PHI Phillies - HOU Astros"
"536","PHI Phillies","HOU Astros","Kyle Schwarber Stolen Bases","Under","0.5","-3500","PHI Phillies - HOU Astros"
"537","PHI Phillies","HOU Astros","Yordan Alvarez Strikeouts","Over","0.5","-195","PHI Phillies - HOU Astros"
"538","PHI Phillies","HOU Astros","Yordan Alvarez Strikeouts","Under","0.5","+145","PHI Phillies - HOU Astros"
"539","PHI Phillies","HOU Astros","Alec Bohm Walks","Over","0.5","+350","PHI Phillies - HOU Astros"
"540","PHI Phillies","HOU Astros","Alec Bohm Walks","Under","0.5","-550","PHI Phillies - HOU Astros"
"541","PHI Phillies","HOU Astros","Kyle Schwarber Singles","Over","0.5","+220","PHI Phillies - HOU Astros"
"542","PHI Phillies","HOU Astros","Kyle Schwarber Singles","Under","0.5","-310","PHI Phillies - HOU Astros"
"543","PHI Phillies","HOU Astros","Both Teams To Score X Runs","1 Run",NA,"-1200","PHI Phillies - HOU Astros"
"544","PHI Phillies","HOU Astros","Both Teams To Score X Runs","2 Runs",NA,"-245","PHI Phillies - HOU Astros"
"545","PHI Phillies","HOU Astros","Both Teams To Score X Runs","3 Runs",NA,"+105","PHI Phillies - HOU Astros"
"546","PHI Phillies","HOU Astros","Both Teams To Score X Runs","4 Runs",NA,"+235","PHI Phillies - HOU Astros"
"547","PHI Phillies","HOU Astros","Both Teams To Score X Runs","5 Runs",NA,"+500","PHI Phillies - HOU Astros"
"548","PHI Phillies","HOU Astros","Both Teams To Score X Runs","6 Runs",NA,"+1100","PHI Phillies - HOU Astros"
"549","PHI Phillies","HOU Astros","Both Teams To Score X Runs","7 Runs",NA,"+2000","PHI Phillies - HOU Astros"
"550","PHI Phillies","HOU Astros","Both Teams To Score X Runs","8 Runs",NA,"+4000","PHI Phillies - HOU Astros"
"551","PHI Phillies","HOU Astros","Both Teams To Score X Runs","9+ Runs",NA,"+6000","PHI Phillies - HOU Astros"
"552","PHI Phillies","HOU Astros","Nick Castellanos Doubles","Over","0.5","+475","PHI Phillies - HOU Astros"
"553","PHI Phillies","HOU Astros","Nick Castellanos Doubles","Under","0.5","-900","PHI Phillies - HOU Astros"
"554","PHI Phillies","HOU Astros","J.T. Realmuto Home Runs","Over","0.5","+600","PHI Phillies - HOU Astros"
"555","PHI Phillies","HOU Astros","J.T. Realmuto Home Runs","Under","0.5","-1200","PHI Phillies - HOU Astros"
"556","PHI Phillies","HOU Astros","Kyle Tucker Walks","Over","0.5","+160","PHI Phillies - HOU Astros"
"557","PHI Phillies","HOU Astros","Kyle Tucker Walks","Under","0.5","-215","PHI Phillies - HOU Astros"
"558","PHI Phillies","HOU Astros","J.T. Realmuto Strikeouts","Over","1.5","+195","PHI Phillies - HOU Astros"
"559","PHI Phillies","HOU Astros","J.T. Realmuto Strikeouts","Under","1.5","-270","PHI Phillies - HOU Astros"
"560","PHI Phillies","HOU Astros","Jeremy Pena Doubles","Over","0.5","+400","PHI Phillies - HOU Astros"
"561","PHI Phillies","HOU Astros","Jeremy Pena Doubles","Under","0.5","-700","PHI Phillies - HOU Astros"
"562","PHI Phillies","HOU Astros","Bryson Stott Singles","Over","0.5","+140","PHI Phillies - HOU Astros"
"563","PHI Phillies","HOU Astros","Bryson Stott Singles","Under","0.5","-190","PHI Phillies - HOU Astros"
"564","PHI Phillies","HOU Astros","Top of 1st - Will The Bases Be Loaded?","Yes",NA,"+850","PHI Phillies - HOU Astros"
"565","PHI Phillies","HOU Astros","Top of 1st - Will The Bases Be Loaded?","No",NA,"-2500","PHI Phillies - HOU Astros"
"566","PHI Phillies","HOU Astros","Jose Altuve Singles","Over","0.5","-125","PHI Phillies - HOU Astros"
"567","PHI Phillies","HOU Astros","Jose Altuve Singles","Under","0.5","-105","PHI Phillies - HOU Astros"
"568","PHI Phillies","HOU Astros","Jean Segura Hits + Runs + RBIs","Over","1.5","+145","PHI Phillies - HOU Astros"
"569","PHI Phillies","HOU Astros","Jean Segura Hits + Runs + RBIs","Under","1.5","-195","PHI Phillies - HOU Astros"
"570","PHI Phillies","HOU Astros","Yordan Alvarez Doubles","Over","0.5","+370","PHI Phillies - HOU Astros"
"571","PHI Phillies","HOU Astros","Yordan Alvarez Doubles","Under","0.5","-600","PHI Phillies - HOU Astros"
"572","PHI Phillies","HOU Astros","Nick Castellanos Runs","Over","0.5","+200","PHI Phillies - HOU Astros"
"573","PHI Phillies","HOU Astros","Nick Castellanos Runs","Under","0.5","-280","PHI Phillies - HOU Astros"
"574","PHI Phillies","HOU Astros","Winning Margin","To Win By 1 Run",NA,"+550","PHI Phillies - HOU Astros"
"575","PHI Phillies","HOU Astros","Winning Margin","To Win By 2 Runs",NA,"+700","PHI Phillies - HOU Astros"
"576","PHI Phillies","HOU Astros","Winning Margin","To Win By 3 Runs",NA,"+850","PHI Phillies - HOU Astros"
"577","PHI Phillies","HOU Astros","Winning Margin","To Win By 4 Runs Or More",NA,"+270","PHI Phillies - HOU Astros"
"578","PHI Phillies","HOU Astros","Winning Margin","To Win By 1 Run",NA,"+475","PHI Phillies - HOU Astros"
"579","PHI Phillies","HOU Astros","Winning Margin","To Win By 2 Runs",NA,"+850","PHI Phillies - HOU Astros"
"580","PHI Phillies","HOU Astros","Winning Margin","To Win By 3 Runs",NA,"+1300","PHI Phillies - HOU Astros"
"581","PHI Phillies","HOU Astros","Winning Margin","To Win By 4 Runs Or More",NA,"+800","PHI Phillies - HOU Astros"
"582","PHI Phillies","HOU Astros","Alex Bregman Total Bases","Over","0.5","-200","PHI Phillies - HOU Astros"
"583","PHI Phillies","HOU Astros","Alex Bregman Total Bases","Under","0.5","+150","PHI Phillies - HOU Astros"
"584","PHI Phillies","HOU Astros","Alec Bohm Total Bases","Over","0.5","-200","PHI Phillies - HOU Astros"
"585","PHI Phillies","HOU Astros","Alec Bohm Total Bases","Under","0.5","+145","PHI Phillies - HOU Astros"
"586","PHI Phillies","HOU Astros","Top of 1st – Will There Be A Home Run?","Yes",NA,"+390","PHI Phillies - HOU Astros"
"587","PHI Phillies","HOU Astros","Top of 1st – Will There Be A Home Run?","No",NA,"-650","PHI Phillies - HOU Astros"
"588","PHI Phillies","HOU Astros","Jean Segura RBIs","Over","0.5","+310","PHI Phillies - HOU Astros"
"589","PHI Phillies","HOU Astros","Jean Segura RBIs","Under","0.5","-475","PHI Phillies - HOU Astros"
"590","PHI Phillies","HOU Astros","Bryce Harper Stolen Bases","Over","0.5","+800","PHI Phillies - HOU Astros"
"591","PHI Phillies","HOU Astros","Bryce Harper Stolen Bases","Under","0.5","-2000","PHI Phillies - HOU Astros"
"592","PHI Phillies","HOU Astros","Extra Innings","Yes",NA,"+700","PHI Phillies - HOU Astros"
"593","PHI Phillies","HOU Astros","Extra Innings","No",NA,"-1200","PHI Phillies - HOU Astros"
"594",NA,NA,"Series Correct Score","HOU Astros 4-2",NA,"+165","NA - NA"
"595",NA,NA,"Series Correct Score","HOU Astros 4-3",NA,"+225","NA - NA"
"596",NA,NA,"Series Correct Score","PHI Phillies 4-3",NA,"+370","NA - NA"
"597",NA,NA,"Series Correct Score","PHI Phillies 4-2",NA,"+450","NA - NA"
"598",NA,NA,"Series Winner","HOU Astros",NA,"-190","NA - NA"
"599",NA,NA,"Series Winner","PHI Phillies",NA,"+165","NA - NA"
"600",NA,NA,"Series Total Games","Over 6.5",NA,"+100","NA - NA"
"601",NA,NA,"Series Total Games","Under 6.5",NA,"-120","NA - NA"
